Attrition,DailyRate,EnvironmentSatisfaction,JobLevel,OverTime,StockOptionLevel,TotalWorkingYears,YearsInCurrentRole
Yes,1102,2,2,Yes,0,8,4
Yes,1373,4,1,Yes,0,7,0
No,1005,4,1,No,0,8,7
No,1358,4,1,No,1,1,0
No,216,4,3,No,0,10,7
No,1299,3,2,No,2,17,7
No,809,1,1,No,1,6,4
No,153,4,2,Yes,0,10,5
No,670,1,1,No,1,5,2
No,1346,2,1,No,1,3,2
Yes,103,3,1,Yes,0,6,2
No,1389,2,3,No,1,10,9
No,334,1,1,Yes,2,7,2
No,1123,4,1,Yes,2,1,0
No,1219,1,4,No,0,31,8
No,673,1,2,No,1,5,2
No,419,1,3,No,0,13,6
No,391,3,1,No,0,0,0
Yes,1125,2,1,Yes,0,10,2
No,691,3,2,No,1,10,7
No,705,2,5,No,0,22,2
No,924,3,1,No,0,7,1
No,125,4,1,No,0,10,0
No,1273,4,1,No,2,6,3
Yes,869,1,1,Yes,0,3,2
No,890,4,1,No,0,2,2
No,852,2,1,Yes,1,6,1
No,1141,3,2,No,2,10,3
No,1240,4,1,No,1,1,0
No,721,3,2,No,0,12,8
No,1065,2,2,No,0,10,5
No,408,2,1,No,0,8,0
No,1211,1,2,Yes,0,14,6
No,1229,4,1,No,0,1,0
Yes,626,1,3,Yes,0,23,0
No,1097,3,3,Yes,1,10,0
No,1443,3,2,Yes,1,5,2
No,515,1,3,Yes,0,15,14
No,853,2,3,No,1,9,8
No,1142,3,1,Yes,1,4,2
No,655,4,2,No,1,10,7
No,1115,1,2,No,1,7,5
No,427,1,2,Yes,1,9,8
No,653,4,2,No,0,10,3
No,989,2,5,Yes,1,29,3
No,1435,1,3,No,0,28,16
No,1223,3,3,No,3,17,14
No,836,4,4,Yes,3,21,0
No,1195,2,2,No,0,6,5
No,1339,2,3,No,1,25,0
No,664,2,1,No,1,5,2
Yes,318,4,1,Yes,1,2,0
No,1225,1,2,No,0,20,3
No,1328,3,1,No,1,6,4
No,1082,3,1,No,0,1,1
No,548,2,2,No,2,10,4
No,132,2,1,No,0,5,0
No,776,3,2,No,0,16,13
No,193,4,3,Yes,0,17,0
No,397,1,3,No,0,16,2
No,945,2,2,Yes,1,16,2
No,852,4,2,Yes,2,10,8
No,1214,2,1,No,0,6,4
No,111,1,3,No,1,24,0
No,1153,1,2,No,0,5,2
No,1400,4,3,No,0,37,4
No,541,3,1,No,1,3,0
No,288,3,2,No,3,11,10
Yes,669,3,3,No,0,9,8
No,530,3,4,No,1,22,3
No,632,3,2,Yes,0,11,7
No,1334,3,2,Yes,3,11,8
No,638,3,3,Yes,1,21,9
No,1217,1,3,No,1,16,3
No,682,4,4,No,0,38,10
Yes,807,3,1,Yes,0,7,2
Yes,871,4,1,Yes,0,1,0
No,1040,3,2,No,1,17,0
No,1420,3,5,No,1,30,2
Yes,240,3,2,Yes,0,6,4
No,1280,4,1,No,2,2,2
No,534,2,1,No,0,1,0
No,1456,1,3,No,0,23,12
No,142,4,4,Yes,0,23,3
No,1127,2,1,No,1,6,3
No,1031,3,2,No,1,12,0
No,1189,3,3,No,0,12,3
No,1354,3,3,No,0,14,10
No,1467,2,3,No,1,10,7
No,922,1,1,No,1,7,0
No,394,3,4,Yes,2,25,12
No,1312,1,1,No,3,10,7
No,750,3,2,No,1,8,7
Yes,441,2,1,Yes,3,7,4
Yes,147,4,3,No,1,40,10
Yes,528,4,1,Yes,0,0,0
No,594,3,1,No,1,3,1
No,470,3,2,No,0,16,11
No,802,3,3,Yes,1,12,7
No,216,2,2,No,2,7,2
Yes,1150,1,3,No,0,18,2
No,1329,4,2,No,1,17,11
No,959,1,2,No,0,6,2
No,1240,3,2,Yes,0,12,9
Yes,1033,1,1,No,0,10,4
No,364,4,2,Yes,0,19,2
No,438,1,1,No,0,5,4
No,689,4,2,No,3,9,7
No,201,4,1,No,1,8,2
No,857,4,4,No,1,21,6
No,1181,2,1,No,0,1,0
No,662,3,3,No,2,10,8
No,1436,2,2,Yes,1,13,7
No,194,2,2,No,1,20,9
No,967,2,3,No,0,9,8
No,1169,2,2,No,0,10,0
No,1145,2,1,Yes,1,9,0
No,630,3,3,No,1,15,11
No,1256,3,1,No,2,2,2
No,691,4,1,No,1,6,2
No,440,3,1,No,1,5,2
No,334,3,3,Yes,1,12,3
No,1450,3,1,Yes,1,1,1
No,1452,3,5,No,0,21,4
No,465,1,1,No,1,13,8
No,1339,2,3,No,1,12,9
No,702,1,2,No,0,12,3
No,1157,3,1,Yes,1,6,2
Yes,602,3,1,No,0,1,0
No,1480,4,1,No,0,13,7
No,1268,3,2,Yes,1,9,4
No,713,3,1,Yes,1,19,2
Yes,303,2,1,No,0,1,0
No,526,2,3,No,3,24,13
No,1380,3,1,No,0,2,2
No,140,3,1,Yes,1,7,2
No,629,4,1,No,0,9,2
Yes,1356,2,1,Yes,0,4,3
No,328,3,1,No,1,5,2
No,1084,4,2,No,2,5,2
No,931,4,1,No,1,8,7
No,989,4,5,No,1,21,8
No,692,3,5,No,0,36,15
No,1069,4,2,No,0,10,9
No,313,4,4,No,0,21,7
No,699,3,5,No,1,34,18
No,1195,1,4,No,1,22,8
No,290,2,1,Yes,1,8,7
No,138,2,2,No,0,10,2
No,1261,4,2,No,0,14,0
No,1084,4,2,No,1,9,7
No,472,3,2,No,1,6,2
No,1002,4,2,Yes,2,7,7
No,878,4,1,Yes,1,5,3
No,905,3,2,Yes,1,15,2
Yes,1180,2,2,Yes,0,17,0
Yes,121,2,3,No,3,10,4
No,1136,4,1,Yes,1,4,2
No,635,2,1,No,0,8,1
No,644,4,3,No,1,17,2
Yes,1045,4,3,No,0,14,8
No,829,3,3,No,0,12,8
No,1242,4,2,No,0,7,7
No,1469,2,3,No,2,16,9
Yes,1005,4,1,Yes,0,8,2
No,896,4,3,Yes,0,16,0
No,1052,4,3,No,0,23,7
No,147,3,1,No,0,7,2
No,663,2,3,Yes,3,10,8
No,119,1,3,No,2,17,10
No,979,3,2,No,1,6,4
No,142,3,1,No,1,7,0
No,319,1,1,No,1,13,8
No,1413,2,3,No,1,11,10
Yes,896,3,1,Yes,0,4,3
No,1323,3,1,No,0,6,2
No,532,3,5,No,0,22,17
No,854,4,5,No,1,32,0
Yes,813,3,1,Yes,1,8,4
Yes,465,1,1,No,0,13,7
Yes,515,4,1,Yes,0,4,2
No,1431,3,1,No,3,7,2
No,976,3,2,No,0,4,2
No,1411,3,2,No,2,17,0
No,1300,1,2,No,2,9,8
No,252,3,5,No,1,25,0
No,1327,2,3,No,1,9,2
No,832,3,1,No,1,2,2
No,470,4,2,No,1,13,9
No,1017,3,1,No,1,17,1
No,1199,1,2,No,1,9,2
Yes,504,1,3,No,2,17,0
No,505,3,3,No,0,20,6
No,665,3,1,No,0,6,5
No,916,4,2,Yes,0,10,2
No,1247,4,2,No,1,10,2
No,685,1,2,No,2,5,2
No,269,4,1,Yes,1,10,6
No,1416,1,5,No,1,22,7
No,833,3,1,No,0,1,0
Yes,307,3,1,No,0,6,4
No,1311,2,1,No,0,5,1
No,1327,4,2,No,1,13,7
No,128,4,2,No,0,9,2
No,488,3,4,Yes,1,28,7
Yes,529,1,1,No,0,5,0
No,1463,2,2,No,1,10,0
No,675,2,2,No,2,6,3
No,1385,3,4,Yes,0,21,7
No,1403,4,1,No,1,16,13
No,452,4,5,Yes,0,37,10
Yes,666,1,3,Yes,1,10,7
No,1158,4,1,No,1,5,2
No,228,3,2,No,1,7,4
No,728,1,3,Yes,2,15,2
No,1315,2,3,No,1,10,7
No,322,1,2,Yes,1,8,0
No,1479,3,2,No,1,6,5
No,797,1,5,No,2,28,4
No,1070,3,4,Yes,3,21,3
No,635,2,2,No,0,20,16
No,442,2,2,No,0,10,7
No,147,2,2,Yes,1,12,7
No,496,1,2,Yes,1,5,3
Yes,920,4,1,Yes,1,19,0
No,688,4,2,No,1,10,2
Yes,1449,1,1,Yes,1,5,2
No,1117,4,1,No,0,5,3
No,636,3,5,Yes,0,22,2
No,506,3,2,No,0,10,0
Yes,950,4,2,Yes,0,8,7
No,889,2,1,Yes,3,4,2
No,555,3,4,No,1,23,4
Yes,230,3,1,No,0,0,0
No,1232,3,3,No,2,12,9
No,566,3,1,No,2,4,0
No,1302,4,2,No,1,13,1
No,334,4,4,No,0,22,10
No,812,4,1,No,0,0,0
No,1476,2,2,No,0,9,3
No,218,2,2,No,1,10,7
No,1132,3,3,No,3,19,10
No,1105,2,2,No,1,11,8
No,906,4,2,No,1,13,8
No,849,1,3,No,1,19,8
No,390,4,2,Yes,1,12,3
No,691,3,1,Yes,1,6,2
No,106,1,2,No,0,9,2
No,192,3,1,Yes,1,3,2
No,553,4,3,No,2,12,6
No,117,3,4,Yes,0,21,9
No,1091,3,4,Yes,0,25,1
Yes,723,3,2,No,0,11,2
No,1220,3,1,Yes,0,4,3
No,588,3,2,Yes,0,13,12
No,691,4,2,No,3,13,7
No,1018,1,2,No,0,10,7
Yes,1157,1,1,Yes,0,5,2
No,1275,4,2,No,2,11,8
No,798,3,3,No,1,10,9
No,672,3,5,No,1,21,9
Yes,1162,4,2,Yes,0,12,0
No,508,2,2,No,0,9,7
No,1482,4,5,No,1,21,2
No,210,3,2,Yes,1,6,4
No,928,4,2,No,0,20,3
No,1001,3,3,No,1,10,0
No,549,4,2,No,2,12,9
No,1124,2,2,Yes,3,6,3
No,738,2,1,No,0,4,2
No,570,4,2,No,3,10,9
No,1130,2,2,No,1,8,7
No,1192,4,2,No,2,8,2
No,343,3,3,Yes,1,12,10
No,1232,3,3,Yes,0,11,9
No,144,4,2,Yes,2,7,7
No,1296,3,3,No,0,17,6
No,483,4,2,Yes,0,8,4
No,810,1,4,No,0,16,0
No,544,3,1,Yes,1,4,2
No,1062,3,1,No,1,8,0
No,641,4,2,Yes,1,4,2
No,933,3,2,No,1,8,7
No,1332,1,2,No,0,14,0
Yes,756,1,1,Yes,0,3,2
No,845,4,2,No,0,7,0
No,541,1,3,No,1,16,9
No,593,4,2,No,0,15,2
No,895,1,1,No,0,3,2
Yes,350,4,1,Yes,0,1,0
No,1144,3,2,No,0,7,0
Yes,143,1,2,No,0,8,7
Yes,575,3,2,Yes,2,8,4
No,408,3,1,Yes,0,3,2
Yes,156,3,1,No,0,1,0
No,1283,4,1,No,0,6,2
No,755,3,2,No,0,10,1
No,1469,4,1,No,1,5,2
No,304,2,2,No,0,7,5
No,1178,3,2,No,1,18,7
No,329,4,1,No,1,6,2
Yes,1362,1,2,Yes,0,9,2
No,1311,3,4,Yes,0,30,4
No,1371,4,2,Yes,1,5,2
Yes,575,3,1,No,0,7,4
No,253,1,1,No,1,2,1
No,164,2,3,No,2,10,9
Yes,464,3,1,Yes,0,3,0
No,1107,4,1,No,1,18,7
No,759,4,2,No,2,8,4
No,1305,3,2,Yes,0,18,0
No,982,1,4,No,1,25,10
No,821,1,5,No,1,24,2
No,1381,3,2,No,1,6,2
No,480,2,2,No,1,13,10
No,313,4,1,No,1,8,2
No,1473,3,2,Yes,0,8,2
No,891,2,2,Yes,0,5,4
No,1063,2,2,Yes,2,15,11
No,1218,2,5,Yes,1,21,8
No,906,3,4,No,3,36,7
No,1082,2,2,No,0,6,4
No,645,2,3,No,1,10,7
No,1300,3,2,No,1,10,0
Yes,688,1,1,No,1,6,2
No,319,4,3,Yes,0,28,4
No,192,1,1,No,2,8,2
No,532,1,2,No,1,19,4
No,1485,3,2,No,1,19,7
No,1368,4,2,No,3,7,5
Yes,1448,1,1,Yes,0,6,3
Yes,296,4,1,No,1,3,2
No,1490,4,1,Yes,1,1,0
No,1398,3,5,No,0,21,15
No,1400,3,1,No,1,9,3
Yes,408,3,1,No,0,6,2
No,1398,3,3,No,0,10,8
No,210,1,4,No,1,32,0
No,1499,3,3,No,0,22,13
No,983,1,2,No,3,20,0
No,1009,1,4,No,0,26,2
No,144,4,1,No,0,6,4
No,548,3,2,No,0,19,0
No,1303,4,1,No,1,14,3
No,1125,3,3,Yes,1,15,2
No,1274,3,3,No,1,13,8
Yes,1277,2,3,Yes,0,15,6
No,413,4,1,No,0,4,2
No,1276,4,3,Yes,0,10,7
Yes,534,1,3,No,0,12,0
Yes,988,2,3,Yes,3,11,2
No,1474,2,1,No,1,8,2
No,635,2,3,No,0,10,3
Yes,1368,3,1,No,0,4,2
No,163,2,2,No,1,14,7
No,1117,1,4,No,0,37,9
No,443,3,1,No,1,8,3
No,319,4,3,Yes,1,10,9
No,561,4,2,No,1,9,7
Yes,426,2,1,Yes,1,8,7
No,232,4,2,No,2,8,2
No,922,1,4,No,1,10,1
Yes,1306,2,1,Yes,0,0,0
No,1094,3,3,No,1,20,0
No,509,1,2,Yes,0,10,7
No,775,1,2,No,2,8,0
No,195,1,2,No,0,5,4
Yes,471,3,1,Yes,0,1,0
No,799,2,3,No,0,12,5
No,1034,1,3,No,0,28,2
No,1276,2,4,No,1,22,16
No,142,1,3,No,1,9,5
No,956,4,2,Yes,2,18,9
Yes,1474,4,2,No,0,6,2
No,535,4,1,No,2,3,2
No,446,2,2,No,1,8,5
No,691,2,1,Yes,2,6,5
No,703,1,2,No,2,6,3
No,823,4,1,No,1,1,0
No,1246,1,5,No,1,32,5
Yes,1287,1,1,Yes,1,6,3
Yes,448,2,1,No,1,1,0
No,254,2,1,Yes,1,6,5
Yes,1365,2,2,No,0,9,1
No,798,1,1,No,2,6,3
No,558,4,2,Yes,1,17,0
No,959,4,1,No,0,1,0
No,622,3,2,No,2,10,2
No,782,2,4,Yes,1,21,0
No,362,3,1,No,0,8,0
No,1001,4,2,Yes,1,10,7
No,1236,4,4,No,1,21,2
No,1112,1,2,No,0,10,2
No,204,3,1,Yes,2,8,2
Yes,1420,3,1,No,1,5,3
No,1343,3,1,No,0,3,2
No,1315,4,5,Yes,1,26,2
No,604,1,1,No,0,3,2
No,1216,3,2,No,0,6,0
No,160,3,1,No,1,1,0
No,238,4,2,No,0,18,7
No,1397,2,1,No,1,10,9
Yes,306,1,2,No,2,5,1
No,991,3,1,Yes,1,3,2
No,1176,2,2,No,1,6,0
No,1017,2,2,No,0,17,11
No,397,3,3,No,1,16,7
No,913,2,2,Yes,1,13,2
No,727,3,1,No,2,1,0
No,885,1,1,No,1,5,2
No,810,4,2,No,1,4,2
No,817,2,2,No,0,12,2
No,1410,4,2,Yes,2,6,5
No,1225,4,1,No,0,4,0
No,1207,4,1,Yes,3,20,8
No,1442,4,3,No,0,9,7
No,408,4,2,No,0,20,7
Yes,562,2,2,Yes,1,18,3
No,827,2,2,No,0,10,7
No,1018,3,3,No,0,10,7
No,703,4,2,No,0,20,7
No,580,4,3,Yes,1,20,13
No,970,3,4,No,0,32,1
No,427,2,5,No,3,23,6
No,1179,1,2,No,0,10,2
No,294,4,3,No,2,9,7
No,314,4,5,No,1,22,7
No,316,4,1,No,1,4,2
Yes,654,1,1,Yes,0,10,7
No,427,1,3,No,1,10,7
No,168,3,3,Yes,0,10,0
No,381,1,1,No,0,9,2
No,217,4,4,Yes,2,28,2
No,501,3,2,No,1,10,7
No,1396,3,1,No,0,1,0
Yes,933,3,1,Yes,0,7,2
No,775,4,2,No,1,7,2
No,970,2,2,No,0,10,1
No,650,2,1,No,1,5,3
No,141,3,2,No,1,12,3
No,832,3,4,No,0,30,7
No,804,4,1,Yes,0,5,2
No,1090,4,1,No,2,2,2
No,346,4,2,No,0,19,2
No,1225,4,2,No,1,16,0
No,430,1,2,No,2,10,8
No,268,4,1,Yes,1,6,0
Yes,527,4,1,Yes,0,10,9
No,883,3,2,No,0,6,5
No,954,2,2,No,0,9,7
No,310,1,1,No,0,2,2
Yes,719,2,2,Yes,0,8,4
No,304,4,2,No,0,6,5
Yes,725,4,5,Yes,1,24,2
No,1434,1,3,No,0,10,7
No,715,4,1,No,1,5,3
No,575,1,1,No,1,5,2
No,657,2,2,No,1,11,7
Yes,1146,4,2,No,0,6,3
No,182,2,1,No,0,10,2
No,376,4,2,Yes,2,9,3
No,829,3,2,No,1,5,2
No,571,4,1,Yes,2,6,3
No,240,1,2,Yes,0,17,7
No,121,3,1,No,0,6,5
No,384,1,1,No,1,3,2
No,791,3,2,No,1,8,7
No,570,2,5,No,1,24,7
No,1092,3,1,No,3,1,0
No,1325,4,2,No,1,9,2
No,691,3,4,No,0,30,3
Yes,805,2,1,Yes,1,1,0
Yes,118,1,2,No,0,6,2
Yes,286,4,5,Yes,0,40,15
No,1258,4,1,No,0,7,2
Yes,890,3,1,No,0,5,2
No,1041,3,1,No,1,8,2
No,859,3,2,No,1,14,13
No,720,1,2,No,0,10,0
No,946,3,2,Yes,0,12,0
No,252,2,1,No,0,1,0
No,933,2,2,No,1,10,8
No,471,1,2,No,1,13,3
No,702,3,1,No,0,6,2
Yes,1184,3,3,No,2,9,8
No,589,2,4,No,1,22,1
No,269,3,3,Yes,1,9,8
Yes,887,3,1,Yes,1,8,7
No,443,4,1,No,3,0,0
No,1318,1,4,No,1,29,6
No,180,1,1,No,0,6,3
No,586,1,2,No,1,9,8
No,1343,3,1,No,0,6,5
No,928,2,2,Yes,1,18,14
No,1012,2,1,No,1,10,4
No,661,1,3,Yes,1,35,2
No,930,4,3,Yes,1,18,4
No,638,3,2,No,1,9,3
No,890,3,4,No,0,31,8
No,1169,2,1,No,1,6,1
No,986,1,1,Yes,1,10,2
No,1271,2,1,Yes,0,8,1
No,1278,1,1,No,0,6,4
No,607,4,3,Yes,1,17,14
Yes,130,4,1,Yes,1,10,2
No,300,4,1,No,1,4,0
No,583,3,2,No,0,5,2
No,1418,3,1,No,1,7,2
No,1269,1,1,No,0,6,2
No,395,2,1,No,1,3,2
No,1222,4,1,Yes,1,8,4
Yes,341,2,1,Yes,3,5,2
No,868,1,4,No,1,28,0
No,672,4,3,No,0,16,10
No,1231,3,1,No,1,10,4
No,102,4,4,No,0,33,9
No,422,4,2,No,1,12,2
No,1252,1,3,Yes,0,10,0
No,881,1,4,No,1,31,6
No,1075,4,1,Yes,1,7,3
Yes,374,1,1,Yes,0,1,0
No,1086,1,1,No,3,8,3
No,661,2,1,Yes,0,8,7
No,821,1,2,No,0,4,2
No,177,1,2,No,1,4,0
Yes,500,3,1,No,0,2,2
Yes,1427,4,1,No,0,1,0
No,1425,3,2,Yes,1,17,8
Yes,617,2,2,Yes,1,4,2
No,995,3,1,No,1,6,2
Yes,1122,4,1,Yes,0,8,2
No,546,2,1,No,2,1,0
No,462,3,2,No,0,10,4
No,1272,3,3,Yes,1,24,0
No,154,2,1,No,0,13,7
No,1137,4,2,Yes,1,10,6
No,1469,4,1,No,2,13,0
No,188,2,1,No,0,8,2
No,1333,4,3,No,1,15,12
No,1184,3,1,No,0,5,0
No,658,1,3,No,1,11,0
No,263,4,1,Yes,0,20,13
No,938,3,1,No,0,16,8
Yes,419,4,1,Yes,0,1,0
Yes,129,1,1,No,0,1,0
No,616,4,2,Yes,2,10,7
No,1469,4,1,Yes,1,3,1
No,498,3,2,No,1,8,7
Yes,530,3,3,Yes,1,16,7
No,1069,2,2,No,0,6,0
Yes,625,1,3,No,0,17,1
No,805,3,2,No,0,9,7
No,1404,3,1,No,1,3,1
No,1219,3,2,No,0,5,2
No,1053,4,4,No,1,26,8
Yes,289,4,1,No,0,7,0
No,1376,3,4,No,1,22,13
No,152,3,2,Yes,0,6,3
No,882,4,3,No,1,12,9
No,903,1,3,No,0,9,7
Yes,1479,2,4,Yes,0,22,0
No,1379,3,2,Yes,0,20,10
No,1229,1,2,No,2,12,7
Yes,335,3,1,Yes,0,4,2
No,722,4,4,No,0,10,8
Yes,906,4,1,Yes,0,3,0
No,461,2,1,No,0,5,2
No,974,4,1,No,2,8,3
No,1126,4,4,No,1,32,4
No,827,3,2,Yes,1,6,5
No,840,1,5,No,1,21,16
No,1134,3,1,No,1,4,2
No,248,4,2,Yes,1,9,8
No,955,4,2,Yes,0,9,0
No,939,4,4,Yes,1,22,11
No,566,4,3,No,1,13,7
No,1206,4,2,No,2,5,2
Yes,622,3,1,Yes,1,5,2
No,853,3,2,No,1,4,3
No,287,2,1,No,0,0,0
No,583,3,3,Yes,1,16,10
No,153,2,3,Yes,3,9,7
No,217,2,1,No,1,4,3
No,277,1,2,No,0,19,2
No,1355,3,3,No,0,27,11
No,549,4,2,No,0,8,2
No,466,4,4,No,1,21,6
No,1055,1,2,No,1,4,2
No,265,4,5,No,0,21,0
Yes,1141,1,2,No,0,15,0
No,135,3,2,Yes,2,17,7
No,247,2,5,No,2,21,16
No,1035,2,2,Yes,0,19,0
Yes,265,2,2,No,0,7,2
Yes,266,1,5,No,1,33,14
No,1448,4,4,Yes,1,23,11
No,145,4,2,No,1,19,7
Yes,885,3,1,No,0,18,13
No,945,4,3,Yes,0,21,6
No,1038,2,1,No,0,3,2
No,1234,4,4,No,1,26,3
No,1109,4,1,No,0,10,7
No,1089,2,3,Yes,1,14,4
No,124,3,3,No,1,30,7
Yes,660,1,2,No,1,9,0
Yes,342,1,1,Yes,1,6,2
No,1333,3,1,Yes,1,1,1
No,1186,3,1,No,1,8,2
No,1464,2,5,Yes,1,29,1
No,124,4,2,No,0,8,3
No,300,3,2,No,1,8,7
No,921,1,1,No,2,5,3
No,430,4,5,No,2,23,2
No,1082,3,3,No,1,13,4
No,1240,1,1,No,1,18,4
No,796,4,3,No,0,15,8
No,444,3,4,No,0,31,7
No,415,3,3,No,1,18,0
Yes,769,4,1,Yes,0,2,2
Yes,1334,3,1,No,0,1,0
No,1003,4,2,Yes,3,19,13
Yes,1323,1,1,Yes,3,18,0
No,192,1,1,No,2,6,3
No,1176,3,2,No,1,7,2
No,509,2,1,No,0,10,6
No,330,3,3,No,1,20,9
No,1492,1,3,No,1,14,10
No,1277,1,1,No,3,3,2
No,1091,4,3,No,1,23,2
No,857,3,2,No,0,10,7
Yes,1376,2,3,No,1,24,6
No,654,4,3,No,1,9,2
Yes,1204,4,3,Yes,0,9,7
Yes,827,1,2,No,0,14,7
No,895,1,1,No,1,4,2
No,618,1,2,No,0,7,2
No,309,4,2,Yes,3,8,0
Yes,1330,1,1,No,1,1,1
Yes,1017,1,1,Yes,0,5,2
No,469,4,4,No,1,23,6
Yes,1009,1,1,No,2,1,0
Yes,959,4,2,Yes,0,5,0
No,970,4,2,No,1,4,2
No,697,3,1,No,3,6,0
No,1262,1,4,No,0,27,4
No,1050,2,2,No,1,15,10
No,994,2,3,No,0,18,6
No,770,3,3,Yes,2,9,7
No,1107,3,1,No,1,11,5
No,950,4,3,No,3,10,7
No,406,1,4,No,1,23,9
No,1082,3,3,No,1,18,7
Yes,203,1,4,No,3,21,7
No,1308,3,5,No,0,21,7
No,984,4,1,Yes,0,2,2
No,439,3,2,No,0,9,4
No,793,3,1,No,1,3,2
No,1451,1,1,No,0,6,3
No,1182,4,2,No,1,5,2
No,174,4,4,No,1,22,8
No,490,4,1,No,2,8,5
No,188,2,2,No,0,16,0
No,718,2,2,Yes,1,10,7
No,433,3,1,No,1,7,6
No,773,3,1,Yes,1,3,1
Yes,247,3,1,No,0,0,0
Yes,603,1,2,Yes,0,6,2
No,167,2,1,Yes,1,6,0
Yes,874,3,1,No,1,2,2
No,367,3,2,No,2,9,2
No,1400,2,2,No,0,6,5
No,528,3,1,No,0,6,4
No,593,2,3,No,0,20,7
Yes,481,3,4,Yes,0,22,9
No,647,2,2,No,0,9,4
No,477,4,1,No,0,6,3
Yes,1485,3,1,Yes,0,1,1
No,1384,1,1,No,1,8,7
No,852,3,2,No,1,10,3
No,902,3,2,Yes,1,16,1
No,819,3,3,No,1,15,7
No,669,4,2,No,0,14,9
No,636,4,1,No,1,2,2
Yes,1372,1,2,No,0,7,3
No,862,3,1,No,3,1,0
No,718,4,5,No,1,28,2
No,1401,2,1,No,1,10,8
No,645,3,1,No,0,1,1
No,1457,1,1,Yes,1,7,2
No,805,1,1,No,0,2,2
No,1223,4,5,No,1,26,7
No,942,2,1,Yes,1,6,4
Yes,1256,3,1,Yes,1,1,0
No,1402,3,4,No,0,28,15
No,111,4,1,No,0,6,0
Yes,906,1,1,No,1,5,0
No,1329,3,2,No,3,8,3
No,1184,2,2,No,3,5,0
No,1421,4,4,No,1,32,2
No,1179,4,1,No,3,6,5
No,1450,4,5,No,1,25,2
No,917,3,1,No,1,7,7
No,200,4,2,No,0,20,11
No,654,3,1,No,0,2,1
No,179,4,2,No,1,10,3
No,696,2,2,Yes,1,12,7
No,116,3,1,No,1,2,2
No,1316,4,2,Yes,0,10,7
No,363,3,3,Yes,1,17,7
No,117,1,1,No,1,15,10
No,1356,3,2,No,0,5,3
No,1465,4,1,Yes,1,12,9
No,458,1,3,Yes,0,20,0
No,1212,3,3,Yes,1,16,2
No,1103,1,1,Yes,2,9,7
No,966,4,3,No,1,33,4
No,1117,1,1,No,1,10,5
No,685,4,4,No,0,36,9
No,1332,3,2,Yes,0,6,5
No,1062,3,2,No,0,10,9
No,326,3,2,No,0,13,1
No,920,3,5,No,1,25,7
No,1098,1,5,No,1,23,0
No,469,3,1,No,0,12,10
No,969,4,1,No,0,7,0
No,1167,1,1,No,3,5,3
No,1329,3,2,Yes,2,6,0
No,694,4,4,No,2,9,7
No,1320,3,1,No,0,2,0
No,1099,2,5,No,1,26,9
No,265,2,1,Yes,0,1,0
No,373,4,1,No,1,1,0
Yes,599,3,1,Yes,0,1,0
No,177,4,4,Yes,1,34,9
No,168,4,5,No,1,26,4
No,131,3,2,Yes,0,4,2
No,237,4,5,Yes,1,31,10
No,135,3,2,No,2,15,8
No,791,4,1,Yes,0,5,2
No,1199,3,5,No,2,26,9
No,603,2,2,Yes,0,18,0
No,531,4,3,No,0,23,7
Yes,621,1,3,No,1,10,7
No,193,4,1,Yes,1,2,2
No,968,2,1,No,0,8,0
No,879,3,2,Yes,0,10,4
Yes,806,2,1,Yes,2,10,7
No,640,4,1,No,0,5,2
No,604,3,2,No,2,10,7
No,412,3,4,Yes,2,21,9
No,848,1,1,No,2,2,2
Yes,1089,4,2,No,1,10,4
Yes,360,3,1,No,0,6,2
No,325,4,3,No,0,10,7
No,991,4,1,No,0,10,6
No,1476,3,2,No,3,10,8
No,1322,4,4,Yes,0,25,2
Yes,299,4,3,Yes,0,9,4
Yes,1030,2,3,Yes,0,10,7
No,634,2,3,Yes,2,9,1
No,524,1,2,No,0,9,7
No,256,3,2,No,0,19,2
Yes,1060,4,1,Yes,0,3,2
Yes,935,1,1,No,0,10,2
No,495,3,4,Yes,0,21,8
No,282,4,5,No,1,23,9
No,206,4,5,No,0,36,3
No,458,3,1,No,1,6,2
No,943,4,3,No,1,10,7
No,523,3,2,No,0,9,8
No,1018,3,2,No,1,10,3
No,1009,2,2,No,1,11,7
No,507,3,2,No,0,10,8
No,882,4,1,No,3,7,2
No,329,2,1,No,1,7,2
No,855,4,3,No,0,11,9
No,1291,3,1,No,1,5,0
No,1405,4,4,No,0,29,2
No,1124,4,1,No,0,0,0
No,817,4,2,No,1,10,7
No,793,4,2,No,0,8,2
Yes,267,1,4,Yes,0,24,7
No,1369,4,4,Yes,1,33,16
No,999,1,1,No,3,5,4
No,1202,2,2,No,3,15,11
No,285,2,2,No,2,10,7
Yes,703,3,1,No,0,3,0
Yes,662,4,2,Yes,1,5,2
No,693,4,1,No,3,4,2
No,404,3,2,No,0,14,11
No,736,3,2,No,1,5,3
Yes,330,4,2,Yes,2,10,2
No,1498,1,2,Yes,2,8,4
No,541,2,3,No,0,14,2
No,1200,4,2,Yes,2,12,2
No,1439,3,1,Yes,0,8,4
No,499,3,2,Yes,3,4,2
No,1485,3,3,No,1,13,4
No,1372,1,2,No,0,6,2
No,930,1,2,Yes,0,20,7
No,205,4,2,Yes,0,6,2
Yes,135,4,1,Yes,0,8,2
No,683,1,1,No,0,5,3
No,258,3,1,No,0,12,4
No,1462,1,1,No,0,8,2
No,200,3,3,No,0,10,2
No,949,1,1,No,1,7,2
No,652,3,1,No,0,8,7
No,332,2,3,No,0,10,9
Yes,1475,1,2,No,0,20,3
Yes,337,3,3,Yes,0,9,7
No,971,4,4,No,0,29,7
No,1055,4,5,Yes,1,32,8
No,1136,2,4,No,2,31,7
No,1174,1,2,Yes,0,15,4
Yes,667,2,1,No,0,1,0
No,855,4,2,No,2,8,2
No,560,4,1,No,2,10,3
Yes,202,1,1,No,0,1,0
No,172,1,2,No,0,10,4
No,329,3,2,No,2,11,2
No,1413,3,1,No,0,7,5
No,359,1,4,No,2,26,17
No,1476,4,2,Yes,2,5,4
No,1283,2,1,Yes,0,7,2
No,663,3,2,No,2,11,7
No,326,1,3,No,1,13,7
Yes,377,1,3,No,1,28,7
Yes,592,1,1,Yes,0,11,0
Yes,1445,3,3,No,0,10,8
No,1038,2,3,Yes,1,24,7
No,1398,4,1,No,0,8,2
Yes,523,2,1,Yes,1,7,2
No,1448,2,3,Yes,2,10,1
No,1221,3,2,No,3,15,2
Yes,1107,1,1,No,0,2,2
No,218,4,3,No,1,16,8
No,866,4,2,No,0,6,4
No,981,3,1,No,0,7,2
No,1495,1,2,No,1,20,2
No,896,3,1,No,1,8,1
No,1467,4,1,No,0,6,2
No,430,4,2,No,2,5,3
No,1326,4,2,No,0,15,9
No,748,1,1,No,0,12,9
No,990,3,1,No,2,1,0
No,405,2,2,No,1,13,9
No,1490,3,3,No,2,29,7
No,829,2,4,No,2,16,8
Yes,1496,1,1,No,1,5,2
Yes,115,1,2,No,0,7,3
Yes,790,1,2,Yes,0,16,9
Yes,381,2,1,Yes,0,4,0
No,830,4,1,No,1,1,0
No,1193,2,3,Yes,0,16,2
No,1246,3,2,No,2,10,7
No,1099,1,1,No,0,8,4
No,571,3,2,Yes,1,11,4
Yes,289,3,1,No,0,8,0
No,467,3,2,No,0,5,2
No,271,3,2,No,1,10,2
No,410,4,1,No,3,4,2
No,1083,3,2,No,2,8,6
No,516,4,2,Yes,0,14,0
No,1050,2,4,No,1,26,9
Yes,224,1,1,No,0,11,7
No,136,4,4,No,1,24,6
No,1089,2,3,No,0,9,0
No,228,3,4,No,1,23,12
No,1029,4,3,No,0,11,8
No,507,1,2,No,0,5,3
Yes,676,4,1,No,0,15,4
No,971,4,3,Yes,0,10,9
Yes,561,4,1,No,0,7,2
No,333,3,4,Yes,0,32,6
No,1440,2,1,Yes,1,12,10
No,1210,3,1,No,1,4,0
No,674,1,2,No,0,10,8
No,441,3,2,No,1,9,7
No,575,4,2,No,0,5,3
No,288,4,3,Yes,1,24,8
No,898,3,4,Yes,0,21,7
No,350,3,1,No,3,2,1
No,1142,4,2,Yes,0,8,2
No,538,1,3,No,3,10,8
No,1402,2,1,No,2,6,3
No,824,4,2,No,1,12,1
No,1157,3,1,Yes,0,7,2
No,598,3,1,No,2,5,0
No,1242,1,2,No,1,8,2
No,888,3,2,No,0,10,3
No,992,4,1,No,0,3,0
No,1288,3,3,No,1,9,2
Yes,104,1,1,Yes,1,1,0
Yes,607,3,3,No,1,34,7
Yes,903,3,2,No,2,7,2
No,1200,4,2,No,1,9,5
No,1108,3,1,No,1,10,2
No,479,1,1,No,0,1,0
No,685,3,5,No,1,36,6
No,1351,2,2,No,1,9,2
No,474,1,1,No,0,1,0
No,437,2,2,No,0,8,2
No,884,2,2,No,0,15,0
No,1370,2,1,Yes,0,10,9
No,1462,4,3,No,1,11,6
No,995,1,2,No,1,6,4
No,977,4,1,No,1,4,2
No,1059,4,5,No,0,24,0
No,653,4,2,No,1,8,2
No,990,4,1,No,1,8,4
No,1349,3,1,No,1,1,0
No,563,4,4,No,0,27,0
Yes,329,3,1,Yes,3,1,1
No,457,2,1,Yes,0,4,2
No,1234,2,4,Yes,1,32,8
No,634,2,1,No,2,6,2
No,1313,2,5,Yes,1,23,7
No,241,2,1,No,1,6,4
No,1015,3,2,Yes,0,10,7
No,715,4,2,No,0,10,2
No,559,3,2,Yes,2,7,2
No,426,3,2,No,1,9,7
No,1387,2,2,No,3,10,7
No,1302,4,1,No,2,7,7
No,819,2,2,No,0,16,15
No,580,2,2,No,1,6,3
No,546,3,1,No,0,3,2
Yes,544,2,1,Yes,0,0,0
No,1176,4,5,No,1,27,2
No,884,1,3,No,2,18,15
No,208,3,2,No,1,15,11
No,671,3,2,No,3,9,3
No,397,4,3,Yes,1,10,4
Yes,737,4,3,No,0,15,12
No,448,3,3,Yes,0,18,2
No,602,1,2,Yes,0,14,7
No,365,3,4,No,1,23,2
No,486,2,1,No,0,5,2
No,591,4,1,No,0,6,2
Yes,1329,1,1,Yes,0,10,2
No,469,3,2,No,0,8,2
No,772,4,2,No,2,7,7
No,492,4,2,No,0,7,4
No,301,1,4,No,2,27,2
No,1141,3,1,No,0,2,2
No,311,1,1,No,0,15,3
No,465,3,4,Yes,1,30,11
No,894,4,2,No,0,4,2
No,584,2,4,No,1,36,8
No,1291,3,4,No,1,14,10
Yes,880,4,2,Yes,0,13,9
No,1189,4,2,No,2,19,11
No,991,1,2,Yes,1,10,0
No,392,4,2,No,2,6,2
No,977,4,2,No,2,10,5
No,1112,1,2,No,2,10,0
No,148,4,1,No,0,4,3
No,1225,2,4,No,3,29,2
No,727,4,1,No,0,2,2
No,530,3,2,Yes,1,7,5
No,1351,1,2,No,2,10,2
No,528,3,1,Yes,3,8,2
No,1495,4,1,No,1,7,0
No,1395,2,3,No,0,11,3
Yes,708,4,1,Yes,2,19,7
Yes,1259,4,1,No,0,1,0
No,786,4,1,No,0,7,7
No,1441,1,1,No,1,8,2
No,1157,2,2,No,1,15,10
No,370,3,3,No,1,19,0
No,1278,3,2,No,2,6,3
No,678,2,1,No,0,10,9
No,921,3,3,Yes,1,9,7
No,1179,4,2,Yes,1,10,9
No,918,4,3,No,0,10,8
No,1082,4,1,No,1,9,3
No,530,3,2,No,0,17,7
No,1238,3,3,No,1,25,15
Yes,1093,3,4,No,0,25,5
No,390,4,1,No,3,3,2
No,1005,4,4,No,0,21,6
No,585,1,1,No,1,10,2
No,552,3,2,No,1,10,2
No,369,2,2,Yes,1,18,0
No,506,2,1,No,3,6,2
No,717,3,2,No,0,19,7
No,1370,4,2,No,1,17,7
No,793,2,1,No,1,10,0
No,543,3,2,No,1,4,0
No,1277,3,3,Yes,1,13,6
Yes,964,1,2,No,0,10,0
No,160,3,1,No,0,3,2
No,163,4,2,No,0,9,4
No,792,4,2,Yes,1,9,8
No,371,4,3,No,1,10,3
No,176,3,3,No,2,9,0
No,1312,4,1,No,0,10,7
No,897,1,1,No,1,3,2
Yes,600,3,1,No,1,6,2
No,1003,1,2,No,1,6,2
No,1054,3,1,No,0,6,2
Yes,428,2,1,No,0,2,2
No,461,4,2,Yes,0,10,2
No,979,3,3,No,1,12,7
No,181,4,1,Yes,3,6,0
No,1313,4,2,No,0,8,1
Yes,211,1,3,Yes,0,11,0
No,594,3,1,No,1,9,1
Yes,1079,1,3,No,3,10,0
No,590,4,1,No,1,1,0
No,305,3,2,No,1,10,0
No,953,2,1,No,0,12,7
No,833,2,2,Yes,1,15,0
Yes,807,3,1,Yes,1,6,0
No,478,3,5,No,3,34,0
No,548,3,1,No,2,5,3
No,1375,4,2,Yes,1,15,14
No,661,1,4,Yes,3,27,2
No,244,2,1,No,0,10,7
No,511,4,2,No,0,6,2
Yes,337,2,1,No,0,1,0
Yes,1294,3,1,Yes,0,1,0
No,196,1,2,No,2,13,7
No,589,2,2,No,2,5,2
No,734,3,5,Yes,1,24,1
No,1383,4,3,Yes,1,15,8
Yes,429,3,1,Yes,3,6,3
No,1239,3,2,No,0,19,0
Yes,303,3,2,Yes,0,10,7
No,1181,3,1,No,1,5,3
No,1253,3,3,No,0,9,3
No,849,2,2,No,0,6,2
No,616,3,1,No,1,7,3
No,1180,2,2,No,1,15,7
No,1336,1,1,No,3,13,10
Yes,234,4,2,No,1,11,1
Yes,370,4,2,No,0,10,3
No,766,3,2,No,1,7,1
No,343,1,1,No,0,7,2
No,796,3,3,Yes,1,23,14
Yes,920,4,1,Yes,0,6,1
Yes,261,4,2,No,1,13,7
No,1194,3,2,No,1,12,3
No,810,2,2,No,2,10,8
No,350,2,4,No,1,37,9
No,185,2,1,No,1,6,4
No,431,4,2,No,1,14,1
No,1125,1,3,No,2,9,2
No,1217,3,1,No,1,3,2
No,723,2,2,Yes,2,20,2
No,572,3,2,No,0,5,3
No,1216,1,4,Yes,0,23,2
No,1431,2,1,No,0,0,0
Yes,359,4,1,No,0,2,0
Yes,350,1,1,Yes,3,4,2
No,589,3,2,No,2,10,7
No,430,4,2,Yes,1,15,0
No,1422,1,2,No,1,7,7
No,1297,4,1,Yes,0,6,4
No,574,4,1,No,0,11,8
No,207,2,1,No,0,7,2
No,706,4,3,No,1,12,8
No,1142,4,1,No,0,8,0
Yes,414,3,2,Yes,0,7,2
No,1319,1,4,No,1,25,17
No,728,2,2,No,1,9,8
No,352,4,1,No,0,1,0
No,823,1,5,No,0,21,12
No,1224,4,5,No,0,29,10
Yes,1254,3,3,No,3,14,7
No,836,2,1,No,1,19,2
No,1172,2,1,No,1,1,0
Yes,945,2,1,No,0,1,0
Yes,391,4,1,Yes,0,1,0
No,1266,2,2,Yes,1,10,9
No,311,2,2,No,1,10,8
No,1480,3,3,Yes,3,9,3
No,592,4,1,No,0,11,2
No,783,4,2,Yes,1,16,3
No,1213,2,2,No,0,10,1
No,1137,1,4,No,1,22,7
No,482,2,1,Yes,1,1,0
No,117,4,4,No,1,24,17
No,170,2,2,No,1,10,0
Yes,967,4,1,Yes,1,5,2
Yes,1162,1,1,No,0,5,2
No,335,3,2,No,2,12,2
No,1079,3,2,Yes,1,8,2
No,471,1,1,No,1,4,2
No,1096,3,1,No,1,8,7
No,1297,2,2,No,0,12,2
No,217,2,2,No,0,10,4
No,783,3,2,Yes,1,7,7
No,1251,1,2,No,1,10,2
No,1354,2,1,No,1,6,3
No,735,3,2,Yes,0,16,10
Yes,1475,4,2,Yes,0,6,0
No,1169,3,2,No,1,16,7
No,1443,4,2,No,1,6,0
No,867,1,2,No,1,10,0
No,1394,4,2,Yes,1,20,11
No,605,4,4,Yes,1,29,0
Yes,238,1,1,Yes,0,8,1
No,1206,2,1,No,2,10,2
No,1064,2,5,No,0,28,4
Yes,1337,1,1,No,0,1,0
No,1103,3,1,No,0,5,3
No,1351,1,1,No,0,5,4
No,937,1,3,No,0,14,8
No,1239,4,3,No,1,9,7
No,157,3,1,No,0,8,7
No,136,1,2,No,1,6,3
No,1146,3,2,No,1,9,1
Yes,1404,3,1,No,1,6,1
No,1404,1,1,No,0,20,0
No,1224,3,2,Yes,0,10,8
No,954,4,2,No,0,7,7
No,1373,4,2,No,0,8,0
Yes,754,1,2,Yes,0,10,7
No,155,1,2,No,2,9,3
No,574,1,3,No,1,10,9
No,1444,4,1,Yes,1,7,2
No,119,2,4,No,0,21,8
No,335,4,2,No,0,20,9
No,697,3,3,No,1,13,7
No,157,3,2,Yes,0,9,2
No,771,2,2,No,0,4,3
No,571,4,1,No,0,5,2
No,444,2,2,No,1,15,8
No,309,3,1,No,0,6,0
No,1180,1,3,No,0,25,14
No,1321,4,2,No,2,16,13
No,508,1,2,No,1,10,3
No,557,4,2,Yes,1,9,3
No,642,4,1,No,1,12,3
No,1162,3,3,No,2,14,8
No,581,4,1,No,0,4,2
No,1395,2,2,No,0,10,7
No,267,3,1,No,0,6,2
No,543,1,1,No,2,8,0
No,234,2,1,No,1,3,2
No,116,1,2,No,0,18,7
No,201,2,3,No,1,20,16
No,801,3,3,No,2,14,10
No,161,3,3,Yes,1,16,11
No,1382,1,2,Yes,1,6,3
No,585,1,1,No,2,16,8
No,1037,2,1,Yes,0,6,3
No,501,3,1,Yes,0,2,2
No,105,4,5,No,0,21,0
Yes,638,4,1,No,1,1,0
No,688,4,2,No,3,18,2
No,667,3,2,No,1,13,12
No,300,1,5,No,0,24,6
Yes,310,4,1,No,1,14,9
No,582,1,4,No,1,21,7
No,704,4,2,No,2,8,7
No,301,4,2,No,1,15,12
No,529,4,1,No,0,4,2
No,345,1,2,No,1,10,7
Yes,878,2,2,No,2,12,3
No,1120,2,2,No,1,8,3
No,1322,3,1,No,0,8,2
No,1199,3,2,Yes,2,10,2
No,1194,3,1,No,3,20,3
No,287,3,1,No,1,4,3
No,1378,4,2,Yes,1,10,3
No,468,4,1,No,0,5,4
Yes,410,4,3,Yes,1,20,2
No,722,2,4,No,1,21,9
No,325,2,2,No,0,10,4
No,1167,4,1,No,0,5,2
No,613,4,3,No,1,9,7
No,155,2,2,Yes,1,6,2
No,1023,4,2,No,0,17,6
No,628,2,2,No,0,6,3
