DATE,HOMETEAM,AWAYTEAM,FTHG,FTAG,FTTG,Result
8/20/2016,Juventus,Fiorentina,2,1,3,1
8/20/2016,Roma,Udinese,4,0,4,1
8/21/2016,Atalanta,Lazio,3,4,7,0
8/21/2016,Bologna,Crotone,1,0,1,1
8/21/2016,Chievo,Inter,2,0,2,1
8/21/2016,Empoli,Sampdoria,0,1,1,0
8/21/2016,Genoa,Cagliari,3,1,4,1
8/21/2016,Milan,Torino,3,2,5,1
8/21/2016,Palermo,Sassuolo,0,1,1,0
8/21/2016,Pescara,Napoli,2,2,4,0
8/27/2016,Lazio,Juventus,0,1,1,0
8/27/2016,Napoli,Milan,4,2,6,1
8/28/2016,Cagliari,Roma,2,2,4,0
8/28/2016,Crotone,Genoa,1,3,4,0
8/28/2016,Fiorentina,Chievo,1,0,1,1
8/28/2016,Inter,Palermo,1,1,2,0
8/28/2016,Sampdoria,Atalanta,2,1,3,1
8/28/2016,Sassuolo,Pescara,0,3,3,0
8/28/2016,Torino,Bologna,5,1,6,1
8/28/2016,Udinese,Empoli,2,0,2,1
9/10/2016,Juventus,Sassuolo,3,1,4,1
9/10/2016,Palermo,Napoli,0,3,3,0
9/11/2016,Atalanta,Torino,2,1,3,1
9/11/2016,Bologna,Cagliari,2,1,3,1
9/11/2016,Chievo,Lazio,1,1,2,0
9/11/2016,Milan,Udinese,0,1,1,0
9/11/2016,Pescara,Inter,1,2,3,0
9/11/2016,Roma,Sampdoria,3,2,5,1
9/12/2016,Empoli,Crotone,2,1,3,1
9/16/2016,Sampdoria,Milan,0,1,1,0
9/17/2016,Lazio,Pescara,3,0,3,1
9/17/2016,Napoli,Bologna,3,1,4,1
9/18/2016,Cagliari,Atalanta,3,0,3,1
9/18/2016,Crotone,Palermo,1,1,2,0
9/18/2016,Fiorentina,Roma,1,0,1,1
9/18/2016,Inter,Juventus,2,1,3,1
9/18/2016,Sassuolo,Genoa,2,0,2,1
9/18/2016,Torino,Empoli,0,0,0,0
9/18/2016,Udinese,Chievo,1,2,3,0
9/20/2016,Milan,Lazio,2,0,2,1
9/21/2016,Atalanta,Palermo,0,1,1,0
9/21/2016,Bologna,Sampdoria,2,0,2,1
9/21/2016,Chievo,Sassuolo,2,1,3,1
9/21/2016,Empoli,Inter,0,2,2,0
9/21/2016,Genoa,Napoli,0,0,0,0
9/21/2016,Juventus,Cagliari,4,0,4,1
9/21/2016,Pescara,Torino,0,0,0,0
9/21/2016,Roma,Crotone,4,0,4,1
9/21/2016,Udinese,Fiorentina,2,2,4,0
9/24/2016,Napoli,Chievo,2,0,2,1
9/24/2016,Palermo,Juventus,0,1,1,0
9/25/2016,Fiorentina,Milan,0,0,0,0
9/25/2016,Genoa,Pescara,1,1,2,0
9/25/2016,Inter,Bologna,1,1,2,0
9/25/2016,Lazio,Empoli,2,0,2,1
9/25/2016,Sassuolo,Udinese,1,0,1,1
9/25/2016,Torino,Roma,3,1,4,1
9/26/2016,Cagliari,Sampdoria,2,1,3,1
9/26/2016,Crotone,Atalanta,1,3,4,0
10/1/2016,Pescara,Chievo,0,2,2,0
10/1/2016,Udinese,Lazio,0,3,3,0
10/2/2016,Atalanta,Napoli,1,0,1,1
10/2/2016,Bologna,Genoa,0,1,1,0
10/2/2016,Cagliari,Crotone,2,1,3,1
10/2/2016,Empoli,Juventus,0,3,3,0
10/2/2016,Milan,Sassuolo,4,3,7,1
10/2/2016,Roma,Inter,2,1,3,1
10/2/2016,Sampdoria,Palermo,1,1,2,0
10/2/2016,Torino,Fiorentina,2,1,3,1
10/15/2016,Juventus,Udinese,2,1,3,1
10/15/2016,Napoli,Roma,1,3,4,0
10/15/2016,Pescara,Sampdoria,1,1,2,0
10/16/2016,Chievo,Milan,1,3,4,0
10/16/2016,Fiorentina,Atalanta,0,0,0,0
10/16/2016,Genoa,Empoli,0,0,0,0
10/16/2016,Inter,Cagliari,1,2,3,0
10/16/2016,Lazio,Bologna,1,1,2,0
10/16/2016,Sassuolo,Crotone,2,1,3,1
10/17/2016,Palermo,Torino,1,4,5,0
10/22/2016,Milan,Juventus,1,0,1,1
10/22/2016,Sampdoria,Genoa,2,1,3,1
10/23/2016,Atalanta,Inter,2,1,3,1
10/23/2016,Bologna,Sassuolo,1,1,2,0
10/23/2016,Cagliari,Fiorentina,3,5,8,0
10/23/2016,Crotone,Napoli,1,2,3,0
10/23/2016,Empoli,Chievo,0,0,0,0
10/23/2016,Roma,Palermo,4,1,5,1
10/23/2016,Torino,Lazio,2,2,4,0
10/23/2016,Udinese,Pescara,3,1,4,1
10/25/2016,Genoa,Milan,3,0,3,1
10/26/2016,Chievo,Bologna,1,1,2,0
10/26/2016,Fiorentina,Crotone,1,1,2,0
10/26/2016,Inter,Torino,2,1,3,1
10/26/2016,Juventus,Sampdoria,4,1,5,1
10/26/2016,Lazio,Cagliari,4,1,5,1
10/26/2016,Napoli,Empoli,2,0,2,1
10/26/2016,Pescara,Atalanta,0,1,1,0
10/26/2016,Sassuolo,Roma,1,3,4,0
10/27/2016,Palermo,Udinese,1,3,4,0
10/29/2016,Bologna,Fiorentina,0,1,1,0
10/29/2016,Juventus,Napoli,2,1,3,1
10/30/2016,Atalanta,Genoa,3,0,3,1
10/30/2016,Crotone,Chievo,2,0,2,1
10/30/2016,Empoli,Roma,0,0,0,0
10/30/2016,Lazio,Sassuolo,2,1,3,1
10/30/2016,Milan,Pescara,1,0,1,1
10/30/2016,Sampdoria,Inter,1,0,1,1
10/31/2016,Cagliari,Palermo,2,1,3,1
10/31/2016,Udinese,Torino,2,2,4,0
11/5/2016,Napoli,Lazio,1,1,2,0
11/5/2016,Torino,Cagliari,5,1,6,1
11/6/2016,Chievo,Juventus,1,2,3,0
11/6/2016,Fiorentina,Sampdoria,1,1,2,0
11/6/2016,Genoa,Udinese,1,1,2,0
11/6/2016,Inter,Crotone,3,0,3,1
11/6/2016,Palermo,Milan,1,2,3,0
11/6/2016,Pescara,Empoli,0,4,4,0
11/6/2016,Roma,Bologna,3,0,3,1
11/6/2016,Sassuolo,Atalanta,0,3,3,0
11/19/2016,Chievo,Cagliari,1,0,1,1
11/19/2016,Juventus,Pescara,3,0,3,1
11/19/2016,Udinese,Napoli,1,2,3,0
11/20/2016,Atalanta,Roma,2,1,3,1
11/20/2016,Bologna,Palermo,3,1,4,1
11/20/2016,Crotone,Torino,0,2,2,0
11/20/2016,Empoli,Fiorentina,0,4,4,0
11/20/2016,Lazio,Genoa,3,1,4,1
11/20/2016,Milan,Inter,2,2,4,0
11/20/2016,Sampdoria,Sassuolo,3,2,5,1
11/26/2016,Empoli,Milan,1,4,5,0
11/26/2016,Torino,Chievo,2,1,3,1
11/27/2016,Bologna,Atalanta,0,2,2,0
11/27/2016,Cagliari,Udinese,2,1,3,1
11/27/2016,Crotone,Sampdoria,1,1,2,0
11/27/2016,Genoa,Juventus,3,1,4,1
11/27/2016,Palermo,Lazio,0,1,1,0
11/27/2016,Roma,Pescara,3,2,5,1
11/28/2016,Inter,Fiorentina,4,2,6,1
11/28/2016,Napoli,Sassuolo,1,1,2,0
12/2/2016,Napoli,Inter,3,0,3,1
12/3/2016,Juventus,Atalanta,3,1,4,1
12/4/2016,Fiorentina,Palermo,2,1,3,1
12/4/2016,Lazio,Roma,0,2,2,0
12/4/2016,Milan,Crotone,2,1,3,1
12/4/2016,Pescara,Cagliari,1,1,2,0
12/4/2016,Sampdoria,Torino,2,0,2,1
12/4/2016,Sassuolo,Empoli,3,0,3,1
12/5/2016,Chievo,Genoa,0,0,0,0
12/5/2016,Udinese,Bologna,1,0,1,1
12/10/2016,Crotone,Pescara,2,1,3,1
12/10/2016,Sampdoria,Lazio,1,2,3,0
12/11/2016,Atalanta,Udinese,1,3,4,0
12/11/2016,Bologna,Empoli,0,0,0,0
12/11/2016,Cagliari,Napoli,0,5,5,0
12/11/2016,Inter,Genoa,2,0,2,1
12/11/2016,Palermo,Chievo,0,2,2,0
12/11/2016,Torino,Juventus,1,3,4,0
12/12/2016,Fiorentina,Sassuolo,2,1,3,1
12/12/2016,Roma,Milan,1,0,1,1
12/15/2016,Genoa,Fiorentina,1,0,1,1
12/17/2016,Empoli,Cagliari,2,0,2,1
12/17/2016,Juventus,Roma,1,0,1,1
12/17/2016,Milan,Atalanta,0,0,0,0
12/18/2016,Chievo,Sampdoria,2,1,3,1
12/18/2016,Genoa,Palermo,3,4,7,0
12/18/2016,Lazio,Fiorentina,3,1,4,1
12/18/2016,Napoli,Torino,5,3,8,1
12/18/2016,Pescara,Bologna,0,3,3,0
12/18/2016,Sassuolo,Inter,0,1,1,0
12/18/2016,Udinese,Crotone,2,0,2,1
12/20/2016,Atalanta,Empoli,2,1,3,1
12/21/2016,Inter,Lazio,3,0,3,1
12/22/2016,Cagliari,Sassuolo,4,3,7,1
12/22/2016,Fiorentina,Napoli,3,3,6,0
12/22/2016,Palermo,Pescara,1,1,2,0
12/22/2016,Roma,Chievo,3,1,4,1
12/22/2016,Sampdoria,Udinese,0,0,0,0
12/22/2016,Torino,Genoa,1,0,1,1
1/7/2017,Empoli,Palermo,1,0,1,1
1/7/2017,Napoli,Sampdoria,2,1,3,1
1/8/2017,Chievo,Atalanta,1,4,5,0
1/8/2017,Genoa,Roma,0,1,1,0
1/8/2017,Juventus,Bologna,3,0,3,1
1/8/2017,Lazio,Crotone,1,0,1,1
1/8/2017,Milan,Cagliari,1,0,1,1
1/8/2017,Sassuolo,Torino,0,0,0,0
1/8/2017,Udinese,Inter,1,2,3,0
1/14/2017,Crotone,Bologna,0,1,1,0
1/14/2017,Inter,Chievo,3,1,4,1
1/15/2017,Cagliari,Genoa,4,1,5,1
1/15/2017,Fiorentina,Juventus,2,1,3,1
1/15/2017,Lazio,Atalanta,2,1,3,1
1/15/2017,Napoli,Pescara,3,1,4,1
1/15/2017,Sampdoria,Empoli,0,0,0,0
1/15/2017,Sassuolo,Palermo,4,1,5,1
1/15/2017,Udinese,Roma,0,1,1,0
1/16/2017,Torino,Milan,2,2,4,0
1/21/2017,Chievo,Fiorentina,0,3,3,0
1/21/2017,Milan,Napoli,1,2,3,0
1/22/2017,Atalanta,Sampdoria,1,0,1,1
1/22/2017,Bologna,Torino,2,0,2,1
1/22/2017,Empoli,Udinese,1,0,1,1
1/22/2017,Genoa,Crotone,2,2,4,0
1/22/2017,Juventus,Lazio,2,0,2,1
1/22/2017,Palermo,Inter,0,1,1,0
1/22/2017,Pescara,Sassuolo,1,3,4,0
1/22/2017,Roma,Cagliari,1,0,1,1
1/28/2017,Inter,Pescara,3,0,3,1
1/28/2017,Lazio,Chievo,0,1,1,0
1/29/2017,Cagliari,Bologna,1,1,2,0
1/29/2017,Crotone,Empoli,4,1,5,1
1/29/2017,Fiorentina,Genoa,3,3,6,0
1/29/2017,Napoli,Palermo,1,1,2,0
1/29/2017,Sampdoria,Roma,3,2,5,1
1/29/2017,Sassuolo,Juventus,0,2,2,0
1/29/2017,Torino,Atalanta,1,1,2,0
1/29/2017,Udinese,Milan,2,1,3,1
2/1/2017,Pescara,Fiorentina,1,2,3,0
2/4/2017,Bologna,Napoli,1,7,8,0
2/5/2017,Atalanta,Cagliari,2,0,2,1
2/5/2017,Chievo,Udinese,0,0,0,0
2/5/2017,Empoli,Torino,1,1,2,0
2/5/2017,Genoa,Sassuolo,0,1,1,0
2/5/2017,Juventus,Inter,1,0,1,1
2/5/2017,Milan,Sampdoria,0,1,1,0
2/5/2017,Palermo,Crotone,1,0,1,1
2/5/2017,Pescara,Lazio,2,6,8,0
2/7/2017,Roma,Fiorentina,4,0,4,1
2/8/2017,Bologna,Milan,0,1,1,0
2/8/2017,Crotone,Juventus,0,2,2,0
2/10/2017,Napoli,Genoa,2,0,2,1
2/11/2017,Fiorentina,Udinese,3,0,3,1
2/12/2017,Cagliari,Juventus,0,2,2,0
2/12/2017,Crotone,Roma,0,2,2,0
2/12/2017,Inter,Empoli,2,0,2,1
2/12/2017,Palermo,Atalanta,1,3,4,0
2/12/2017,Sampdoria,Bologna,3,1,4,1
2/12/2017,Sassuolo,Chievo,1,3,4,0
2/12/2017,Torino,Pescara,5,3,8,1
2/13/2017,Lazio,Milan,1,1,2,0
2/17/2017,Juventus,Palermo,4,1,5,1
2/18/2017,Atalanta,Crotone,1,0,1,1
2/18/2017,Empoli,Lazio,1,2,3,0
2/19/2017,Bologna,Inter,0,1,1,0
2/19/2017,Chievo,Napoli,1,3,4,0
2/19/2017,Milan,Fiorentina,2,1,3,1
2/19/2017,Pescara,Genoa,5,0,5,1
2/19/2017,Roma,Torino,4,1,5,1
2/19/2017,Sampdoria,Cagliari,1,1,2,0
2/19/2017,Udinese,Sassuolo,1,2,3,0
2/25/2017,Juventus,Empoli,2,0,2,1
2/25/2017,Napoli,Atalanta,0,2,2,0
2/26/2017,Chievo,Pescara,2,0,2,1
2/26/2017,Crotone,Cagliari,1,2,3,0
2/26/2017,Genoa,Bologna,1,1,2,0
2/26/2017,Inter,Roma,1,3,4,0
2/26/2017,Lazio,Udinese,1,0,1,1
2/26/2017,Palermo,Sampdoria,1,1,2,0
2/26/2017,Sassuolo,Milan,0,1,1,0
2/27/2017,Fiorentina,Torino,2,2,4,0
3/4/2017,Milan,Chievo,3,1,4,1
3/4/2017,Roma,Napoli,1,2,3,0
3/4/2017,Sampdoria,Pescara,3,1,4,1
3/5/2017,Atalanta,Fiorentina,0,0,0,0
3/5/2017,Bologna,Lazio,0,2,2,0
3/5/2017,Cagliari,Inter,1,5,6,0
3/5/2017,Crotone,Sassuolo,0,0,0,0
3/5/2017,Empoli,Genoa,0,2,2,0
3/5/2017,Torino,Palermo,3,1,4,1
3/5/2017,Udinese,Juventus,1,1,2,0
3/10/2017,Juventus,Milan,2,1,3,1
3/11/2017,Genoa,Sampdoria,0,1,1,0
3/12/2017,Chievo,Empoli,4,0,4,1
3/12/2017,Fiorentina,Cagliari,1,0,1,1
3/12/2017,Inter,Atalanta,7,1,8,1
3/12/2017,Napoli,Crotone,3,0,3,1
3/12/2017,Palermo,Roma,0,3,3,0
3/12/2017,Pescara,Udinese,1,3,4,0
3/12/2017,Sassuolo,Bologna,0,1,1,0
3/13/2017,Lazio,Torino,3,1,4,1
3/18/2017,Milan,Genoa,1,0,1,1
3/18/2017,Torino,Inter,2,2,4,0
3/19/2017,Atalanta,Pescara,3,0,3,1
3/19/2017,Bologna,Chievo,4,1,5,1
3/19/2017,Cagliari,Lazio,0,0,0,0
3/19/2017,Crotone,Fiorentina,0,1,1,0
3/19/2017,Empoli,Napoli,2,3,5,0
3/19/2017,Roma,Sassuolo,3,1,4,1
3/19/2017,Sampdoria,Juventus,0,1,1,0
3/19/2017,Udinese,Palermo,4,1,5,1
4/1/2017,Roma,Empoli,2,0,2,1
4/1/2017,Sassuolo,Lazio,1,2,3,0
4/2/2017,Chievo,Crotone,1,2,3,0
4/2/2017,Fiorentina,Bologna,1,0,1,1
4/2/2017,Genoa,Atalanta,0,5,5,0
4/2/2017,Napoli,Juventus,1,1,2,0
4/2/2017,Palermo,Cagliari,1,3,4,0
4/2/2017,Pescara,Milan,1,1,2,0
4/2/2017,Torino,Udinese,2,2,4,0
4/3/2017,Inter,Sampdoria,1,2,3,0
4/8/2017,Atalanta,Sassuolo,1,1,2,0
4/8/2017,Empoli,Pescara,1,1,2,0
4/8/2017,Juventus,Chievo,2,0,2,1
4/9/2017,Bologna,Roma,0,3,3,0
4/9/2017,Cagliari,Torino,2,3,5,0
4/9/2017,Crotone,Inter,2,1,3,1
4/9/2017,Lazio,Napoli,0,3,3,0
4/9/2017,Milan,Palermo,4,0,4,1
4/9/2017,Sampdoria,Fiorentina,2,2,4,0
4/9/2017,Udinese,Genoa,3,0,3,1
4/15/2017,Cagliari,Chievo,4,0,4,1
4/15/2017,Fiorentina,Empoli,1,2,3,0
4/15/2017,Genoa,Lazio,2,2,4,0
4/15/2017,Inter,Milan,2,2,4,0
4/15/2017,Napoli,Udinese,3,0,3,1
4/15/2017,Palermo,Bologna,0,0,0,0
4/15/2017,Pescara,Juventus,0,2,2,0
4/15/2017,Roma,Atalanta,1,1,2,0
4/15/2017,Sassuolo,Sampdoria,2,1,3,1
4/15/2017,Torino,Crotone,1,1,2,0
4/22/2017,Atalanta,Bologna,3,2,5,1
4/22/2017,Fiorentina,Inter,5,4,9,1
4/23/2017,Chievo,Torino,1,3,4,0
4/23/2017,Juventus,Genoa,4,0,4,1
4/23/2017,Lazio,Palermo,6,2,8,1
4/23/2017,Milan,Empoli,1,2,3,0
4/23/2017,Sampdoria,Crotone,1,2,3,0
4/23/2017,Sassuolo,Napoli,2,2,4,0
4/23/2017,Udinese,Cagliari,2,1,3,1
4/24/2017,Pescara,Roma,1,4,5,0
4/28/2017,Atalanta,Juventus,2,2,4,0
4/29/2017,Torino,Sampdoria,1,1,2,0
4/30/2017,Bologna,Udinese,4,0,4,1
4/30/2017,Cagliari,Pescara,1,0,1,1
4/30/2017,Crotone,Milan,1,1,2,0
4/30/2017,Empoli,Sassuolo,1,3,4,0
4/30/2017,Genoa,Chievo,1,2,3,0
4/30/2017,Inter,Napoli,0,1,1,0
4/30/2017,Palermo,Fiorentina,2,0,2,1
4/30/2017,Roma,Lazio,1,3,4,0
5/6/2017,Juventus,Torino,1,1,2,0
5/6/2017,Napoli,Cagliari,3,1,4,1
5/7/2017,Chievo,Palermo,1,1,2,0
5/7/2017,Empoli,Bologna,3,1,4,1
5/7/2017,Genoa,Inter,1,0,1,1
5/7/2017,Lazio,Sampdoria,7,3,10,1
5/7/2017,Milan,Roma,1,4,5,0
5/7/2017,Pescara,Crotone,0,1,1,0
5/7/2017,Sassuolo,Fiorentina,2,2,4,0
5/7/2017,Udinese,Atalanta,1,1,2,0
5/13/2017,Atalanta,Milan,1,1,2,0
5/13/2017,Fiorentina,Lazio,3,2,5,1
5/14/2017,Bologna,Pescara,3,1,4,1
5/14/2017,Cagliari,Empoli,3,2,5,1
5/14/2017,Crotone,Udinese,1,0,1,1
5/14/2017,Inter,Sassuolo,1,2,3,0
5/14/2017,Palermo,Genoa,1,0,1,1
5/14/2017,Roma,Juventus,3,1,4,1
5/14/2017,Sampdoria,Chievo,1,1,2,0
5/14/2017,Torino,Napoli,0,5,5,0
5/20/2017,Chievo,Roma,3,5,8,0
5/20/2017,Napoli,Fiorentina,4,1,5,1
5/21/2017,Empoli,Atalanta,0,1,1,0
5/21/2017,Genoa,Torino,2,1,3,1
5/21/2017,Juventus,Crotone,3,0,3,1
5/21/2017,Lazio,Inter,1,3,4,0
5/21/2017,Milan,Bologna,3,0,3,1
5/21/2017,Sassuolo,Cagliari,6,2,8,1
5/21/2017,Udinese,Sampdoria,1,1,2,0
5/22/2017,Pescara,Palermo,2,0,2,1
5/27/2017,Atalanta,Chievo,1,0,1,1
5/27/2017,Bologna,Juventus,1,2,3,0
5/28/2017,Cagliari,Milan,2,1,3,1
5/28/2017,Crotone,Lazio,3,1,4,1
5/28/2017,Fiorentina,Pescara,2,2,4,0
5/28/2017,Inter,Udinese,5,2,7,1
5/28/2017,Palermo,Empoli,2,1,3,1
5/28/2017,Roma,Genoa,3,2,5,1
5/28/2017,Sampdoria,Napoli,2,4,6,0
5/28/2017,Torino,Sassuolo,5,3,8,1
8/19/2017,Juventus,Cagliari,3,0,3,1
8/19/2017,Verona,Napoli,1,3,4,0
8/20/2017,Atalanta,Roma,0,1,1,0
8/20/2017,Bologna,Torino,1,1,2,0
8/20/2017,Crotone,Milan,0,3,3,0
8/20/2017,Inter,Fiorentina,3,0,3,1
8/20/2017,Lazio,Spal,0,0,0,0
8/20/2017,Sampdoria,Benevento,2,1,3,1
8/20/2017,Sassuolo,Genoa,0,0,0,0
8/20/2017,Udinese,Chievo,1,2,3,0
8/26/2017,Benevento,Bologna,0,1,1,0
8/26/2017,Genoa,Juventus,2,4,6,0
8/26/2017,Roma,Inter,1,3,4,0
8/27/2017,Chievo,Lazio,1,2,3,0
8/27/2017,Crotone,Verona,0,0,0,0
8/27/2017,Fiorentina,Sampdoria,1,2,3,0
8/27/2017,Milan,Cagliari,2,1,3,1
8/27/2017,Napoli,Atalanta,3,1,4,1
8/27/2017,Spal,Udinese,3,2,5,1
8/27/2017,Torino,Sassuolo,3,0,3,1
9/9/2017,Juventus,Chievo,3,0,3,1
9/10/2017,Atalanta,Sassuolo,2,1,3,1
9/10/2017,Benevento,Torino,0,1,1,0
9/10/2017,Bologna,Napoli,0,3,3,0
9/10/2017,Cagliari,Crotone,1,0,1,1
9/10/2017,Inter,Spal,2,0,2,1
9/10/2017,Lazio,Milan,4,1,5,1
9/10/2017,Udinese,Genoa,1,0,1,1
9/10/2017,Verona,Fiorentina,0,5,5,0
9/16/2017,Crotone,Inter,0,2,2,0
9/16/2017,Fiorentina,Bologna,2,1,3,1
9/16/2017,Roma,Verona,3,0,3,1
9/17/2017,Chievo,Atalanta,1,1,2,0
9/17/2017,Genoa,Lazio,2,3,5,0
9/17/2017,Milan,Udinese,2,1,3,1
9/17/2017,Napoli,Benevento,6,0,6,1
9/17/2017,Sassuolo,Juventus,1,3,4,0
9/17/2017,Spal,Cagliari,0,2,2,0
9/17/2017,Torino,Sampdoria,2,2,4,0
9/19/2017,Bologna,Inter,1,1,2,0
9/20/2017,Atalanta,Crotone,5,1,6,1
9/20/2017,Benevento,Roma,0,4,4,0
9/20/2017,Cagliari,Sassuolo,0,1,1,0
9/20/2017,Genoa,Chievo,1,1,2,0
9/20/2017,Juventus,Fiorentina,1,0,1,1
9/20/2017,Lazio,Napoli,1,4,5,0
9/20/2017,Milan,Spal,2,0,2,1
9/20/2017,Udinese,Torino,2,3,5,0
9/20/2017,Verona,Sampdoria,0,0,0,0
9/23/2017,Juventus,Torino,4,0,4,1
9/23/2017,Roma,Udinese,3,1,4,1
9/23/2017,Spal,Napoli,2,3,5,0
9/24/2017,Cagliari,Chievo,0,2,2,0
9/24/2017,Crotone,Benevento,2,0,2,1
9/24/2017,Fiorentina,Atalanta,1,1,2,0
9/24/2017,Inter,Genoa,1,0,1,1
9/24/2017,Sampdoria,Milan,2,0,2,1
9/24/2017,Sassuolo,Bologna,0,1,1,0
9/24/2017,Verona,Lazio,0,3,3,0
9/30/2017,Genoa,Bologna,0,1,1,0
9/30/2017,Udinese,Sampdoria,4,0,4,1
10/1/2017,Atalanta,Juventus,2,2,4,0
10/1/2017,Benevento,Inter,1,2,3,0
10/1/2017,Chievo,Fiorentina,2,1,3,1
10/1/2017,Lazio,Sassuolo,6,1,7,1
10/1/2017,Milan,Roma,0,2,2,0
10/1/2017,Napoli,Cagliari,3,0,3,1
10/1/2017,Spal,Crotone,1,1,2,0
10/1/2017,Torino,Verona,2,2,4,0
10/14/2017,Juventus,Lazio,1,2,3,0
10/14/2017,Roma,Napoli,0,1,1,0
10/15/2017,Bologna,Spal,2,1,3,1
10/15/2017,Cagliari,Genoa,2,3,5,0
10/15/2017,Crotone,Torino,2,2,4,0
10/15/2017,Fiorentina,Udinese,2,1,3,1
10/15/2017,Inter,Milan,3,2,5,1
10/15/2017,Sampdoria,Atalanta,3,1,4,1
10/15/2017,Sassuolo,Chievo,0,0,0,0
10/16/2017,Verona,Benevento,1,0,1,1
10/21/2017,Napoli,Inter,0,0,0,0
10/21/2017,Sampdoria,Crotone,5,0,5,1
10/22/2017,Atalanta,Bologna,1,0,1,1
10/22/2017,Benevento,Fiorentina,0,3,3,0
10/22/2017,Chievo,Verona,3,2,5,1
10/22/2017,Lazio,Cagliari,3,0,3,1
10/22/2017,Milan,Genoa,0,0,0,0
10/22/2017,Spal,Sassuolo,0,1,1,0
10/22/2017,Torino,Roma,0,1,1,0
10/22/2017,Udinese,Juventus,2,6,8,0
10/24/2017,Inter,Sampdoria,3,2,5,1
10/25/2017,Atalanta,Verona,3,0,3,1
10/25/2017,Bologna,Lazio,1,2,3,0
10/25/2017,Cagliari,Benevento,2,1,3,1
10/25/2017,Chievo,Milan,1,4,5,0
10/25/2017,Fiorentina,Torino,3,0,3,1
10/25/2017,Genoa,Napoli,2,3,5,0
10/25/2017,Juventus,Spal,4,1,5,1
10/25/2017,Roma,Crotone,1,0,1,1
10/25/2017,Sassuolo,Udinese,0,1,1,0
10/28/2017,Milan,Juventus,0,2,2,0
10/28/2017,Roma,Bologna,1,0,1,1
10/29/2017,Benevento,Lazio,1,5,6,0
10/29/2017,Crotone,Fiorentina,2,1,3,1
10/29/2017,Napoli,Sassuolo,3,1,4,1
10/29/2017,Sampdoria,Chievo,4,1,5,1
10/29/2017,Spal,Genoa,1,0,1,1
10/29/2017,Torino,Cagliari,2,1,3,1
10/29/2017,Udinese,Atalanta,2,1,3,1
10/30/2017,Verona,Inter,1,2,3,0
11/4/2017,Bologna,Crotone,2,3,5,0
11/4/2017,Genoa,Sampdoria,0,2,2,0
11/5/2017,Atalanta,Spal,1,1,2,0
11/5/2017,Cagliari,Verona,2,1,3,1
11/5/2017,Chievo,Napoli,0,0,0,0
11/5/2017,Fiorentina,Roma,2,4,6,0
11/5/2017,Inter,Torino,1,1,2,0
11/5/2017,Juventus,Benevento,2,1,3,1
11/5/2017,Sassuolo,Milan,0,2,2,0
11/18/2017,Napoli,Milan,2,1,3,1
11/18/2017,Roma,Lazio,2,1,3,1
11/19/2017,Benevento,Sassuolo,1,2,3,0
11/19/2017,Crotone,Genoa,0,1,1,0
11/19/2017,Inter,Atalanta,2,0,2,1
11/19/2017,Sampdoria,Juventus,3,2,5,1
11/19/2017,Spal,Fiorentina,1,1,2,0
11/19/2017,Torino,Chievo,1,1,2,0
11/19/2017,Udinese,Cagliari,0,1,1,0
11/20/2017,Verona,Bologna,2,3,5,0
11/25/2017,Bologna,Sampdoria,3,0,3,1
11/25/2017,Cagliari,Inter,1,3,4,0
11/25/2017,Chievo,Spal,2,1,3,1
11/25/2017,Sassuolo,Verona,0,2,2,0
11/26/2017,Genoa,Roma,1,1,2,0
11/26/2017,Juventus,Crotone,3,0,3,1
11/26/2017,Lazio,Fiorentina,1,1,2,0
11/26/2017,Milan,Torino,0,0,0,0
11/26/2017,Udinese,Napoli,0,1,1,0
11/27/2017,Atalanta,Benevento,1,0,1,1
12/1/2017,Napoli,Juventus,0,1,1,0
12/1/2017,Roma,Spal,3,1,4,1
12/2/2017,Torino,Atalanta,1,1,2,0
12/3/2017,Benevento,Milan,2,2,4,0
12/3/2017,Bologna,Cagliari,1,1,2,0
12/3/2017,Fiorentina,Sassuolo,3,0,3,1
12/3/2017,Inter,Chievo,5,0,5,1
12/3/2017,Sampdoria,Lazio,1,2,3,0
12/4/2017,Crotone,Udinese,0,3,3,0
12/4/2017,Verona,Genoa,0,1,1,0
12/9/2017,Cagliari,Sampdoria,2,2,4,0
12/9/2017,Juventus,Inter,0,0,0,0
12/10/2017,Chievo,Roma,0,0,0,0
12/10/2017,Milan,Bologna,2,1,3,1
12/10/2017,Napoli,Fiorentina,0,0,0,0
12/10/2017,Sassuolo,Crotone,2,1,3,1
12/10/2017,Spal,Verona,2,2,4,0
12/10/2017,Udinese,Benevento,2,0,2,1
12/11/2017,Lazio,Torino,1,3,4,0
12/12/2017,Genoa,Atalanta,1,2,3,0
12/16/2017,Inter,Udinese,1,3,4,0
12/16/2017,Roma,Cagliari,1,0,1,1
12/16/2017,Torino,Napoli,1,3,4,0
12/17/2017,Atalanta,Lazio,3,3,6,0
12/17/2017,Benevento,Spal,1,2,3,0
12/17/2017,Bologna,Juventus,0,3,3,0
12/17/2017,Crotone,Chievo,1,0,1,1
12/17/2017,Fiorentina,Genoa,0,0,0,0
12/17/2017,Sampdoria,Sassuolo,0,1,1,0
12/17/2017,Verona,Milan,3,0,3,1
12/22/2017,Cagliari,Fiorentina,0,1,1,0
12/22/2017,Chievo,Bologna,2,3,5,0
12/23/2017,Genoa,Benevento,1,0,1,1
12/23/2017,Juventus,Roma,1,0,1,1
12/23/2017,Lazio,Crotone,4,0,4,1
12/23/2017,Milan,Atalanta,0,2,2,0
12/23/2017,Napoli,Sampdoria,3,2,5,1
12/23/2017,Sassuolo,Inter,1,0,1,1
12/23/2017,Spal,Torino,2,2,4,0
12/23/2017,Udinese,Verona,4,0,4,1
12/29/2017,Crotone,Napoli,0,1,1,0
12/30/2017,Atalanta,Cagliari,1,2,3,0
12/30/2017,Benevento,Chievo,1,0,1,1
12/30/2017,Bologna,Udinese,1,2,3,0
12/30/2017,Fiorentina,Milan,1,1,2,0
12/30/2017,Inter,Lazio,0,0,0,0
12/30/2017,Roma,Sassuolo,1,1,2,0
12/30/2017,Sampdoria,Spal,2,0,2,1
12/30/2017,Torino,Genoa,0,0,0,0
12/30/2017,Verona,Juventus,1,3,4,0
1/5/2018,Chievo,Udinese,1,1,2,0
1/5/2018,Fiorentina,Inter,1,1,2,0
1/6/2018,Benevento,Sampdoria,3,2,5,1
1/6/2018,Cagliari,Juventus,0,1,1,0
1/6/2018,Genoa,Sassuolo,1,0,1,1
1/6/2018,Milan,Crotone,1,0,1,1
1/6/2018,Napoli,Verona,2,0,2,1
1/6/2018,Roma,Atalanta,1,2,3,0
1/6/2018,Spal,Lazio,2,5,7,0
1/6/2018,Torino,Bologna,3,0,3,1
1/21/2018,Atalanta,Napoli,0,1,1,0
1/21/2018,Bologna,Benevento,3,0,3,1
1/21/2018,Cagliari,Milan,1,2,3,0
1/21/2018,Inter,Roma,1,1,2,0
1/21/2018,Lazio,Chievo,5,1,6,1
1/21/2018,Sampdoria,Fiorentina,3,1,4,1
1/21/2018,Sassuolo,Torino,1,1,2,0
1/21/2018,Udinese,Spal,1,1,2,0
1/21/2018,Verona,Crotone,0,3,3,0
1/22/2018,Juventus,Genoa,1,0,1,1
1/24/2018,Lazio,Udinese,3,0,3,1
1/24/2018,Sampdoria,Roma,1,1,2,0
1/27/2018,Chievo,Juventus,0,2,2,0
1/27/2018,Sassuolo,Atalanta,0,3,3,0
1/28/2018,Crotone,Cagliari,1,1,2,0
1/28/2018,Fiorentina,Verona,1,4,5,0
1/28/2018,Genoa,Udinese,0,1,1,0
1/28/2018,Milan,Lazio,2,1,3,1
1/28/2018,Napoli,Bologna,3,1,4,1
1/28/2018,Roma,Sampdoria,0,1,1,0
1/28/2018,Spal,Inter,1,1,2,0
1/28/2018,Torino,Benevento,3,0,3,1
2/3/2018,Inter,Crotone,1,1,2,0
2/3/2018,Sampdoria,Torino,1,1,2,0
2/4/2018,Atalanta,Chievo,1,0,1,1
2/4/2018,Benevento,Napoli,0,2,2,0
2/4/2018,Bologna,Fiorentina,1,2,3,0
2/4/2018,Cagliari,Spal,2,0,2,1
2/4/2018,Juventus,Sassuolo,7,0,7,1
2/4/2018,Udinese,Milan,1,1,2,0
2/4/2018,Verona,Roma,0,1,1,0
2/5/2018,Lazio,Genoa,1,2,3,0
2/9/2018,Fiorentina,Juventus,0,2,2,0
2/10/2018,Crotone,Atalanta,1,1,2,0
2/10/2018,Napoli,Lazio,4,1,5,1
2/10/2018,Spal,Milan,0,4,4,0
2/11/2018,Chievo,Genoa,0,1,1,0
2/11/2018,Inter,Bologna,2,1,3,1
2/11/2018,Roma,Benevento,5,2,7,1
2/11/2018,Sampdoria,Verona,2,0,2,1
2/11/2018,Sassuolo,Cagliari,0,0,0,0
2/11/2018,Torino,Udinese,2,0,2,1
2/17/2018,Chievo,Cagliari,2,1,3,1
2/17/2018,Genoa,Inter,2,0,2,1
2/17/2018,Udinese,Roma,0,2,2,0
2/18/2018,Atalanta,Fiorentina,1,1,2,0
2/18/2018,Benevento,Crotone,3,2,5,1
2/18/2018,Bologna,Sassuolo,2,1,3,1
2/18/2018,Milan,Sampdoria,1,0,1,1
2/18/2018,Napoli,Spal,1,0,1,1
2/18/2018,Torino,Juventus,0,1,1,0
2/19/2018,Lazio,Verona,2,0,2,1
2/24/2018,Bologna,Genoa,2,0,2,1
2/24/2018,Inter,Benevento,2,0,2,1
2/25/2018,Crotone,Spal,2,3,5,0
2/25/2018,Fiorentina,Chievo,1,0,1,1
2/25/2018,Roma,Milan,0,2,2,0
2/25/2018,Sampdoria,Udinese,2,1,3,1
2/25/2018,Sassuolo,Lazio,0,3,3,0
2/25/2018,Verona,Torino,2,1,3,1
2/26/2018,Cagliari,Napoli,0,5,5,0
3/3/2018,Lazio,Juventus,0,1,1,0
3/3/2018,Napoli,Roma,2,4,6,0
3/3/2018,Spal,Bologna,1,0,1,1
3/9/2018,Roma,Torino,3,0,3,1
3/10/2018,Verona,Chievo,1,0,1,1
3/11/2018,Bologna,Atalanta,0,1,1,0
3/11/2018,Cagliari,Lazio,2,2,4,0
3/11/2018,Crotone,Sampdoria,4,1,5,1
3/11/2018,Fiorentina,Benevento,1,0,1,1
3/11/2018,Genoa,Milan,0,1,1,0
3/11/2018,Inter,Napoli,0,0,0,0
3/11/2018,Juventus,Udinese,2,0,2,1
3/11/2018,Sassuolo,Spal,1,1,2,0
3/14/2018,Juventus,Atalanta,2,0,2,1
3/17/2018,Spal,Juventus,0,0,0,0
3/17/2018,Udinese,Sassuolo,1,2,3,0
3/18/2018,Benevento,Cagliari,1,2,3,0
3/18/2018,Crotone,Roma,0,2,2,0
3/18/2018,Lazio,Bologna,1,1,2,0
3/18/2018,Milan,Chievo,3,2,5,1
3/18/2018,Napoli,Genoa,1,0,1,1
3/18/2018,Sampdoria,Inter,0,5,5,0
3/18/2018,Torino,Fiorentina,1,2,3,0
3/18/2018,Verona,Atalanta,0,5,5,0
3/31/2018,Atalanta,Udinese,2,0,2,1
3/31/2018,Bologna,Roma,1,1,2,0
3/31/2018,Cagliari,Torino,0,4,4,0
3/31/2018,Chievo,Sampdoria,2,1,3,1
3/31/2018,Fiorentina,Crotone,2,0,2,1
3/31/2018,Genoa,Spal,1,1,2,0
3/31/2018,Inter,Verona,3,0,3,1
3/31/2018,Juventus,Milan,3,1,4,1
3/31/2018,Lazio,Benevento,6,2,8,1
3/31/2018,Sassuolo,Napoli,1,1,2,0
4/3/2018,Atalanta,Sampdoria,1,2,3,0
4/3/2018,Genoa,Cagliari,2,1,3,1
4/3/2018,Udinese,Fiorentina,0,2,2,0
4/4/2018,Benevento,Verona,3,0,3,1
4/4/2018,Chievo,Sassuolo,1,1,2,0
4/4/2018,Milan,Inter,0,0,0,0
4/4/2018,Torino,Crotone,4,1,5,1
4/7/2018,Benevento,Juventus,2,4,6,0
4/7/2018,Roma,Fiorentina,0,2,2,0
4/7/2018,Sampdoria,Genoa,0,0,0,0
4/7/2018,Spal,Atalanta,1,1,2,0
4/8/2018,Crotone,Bologna,1,0,1,1
4/8/2018,Milan,Sassuolo,1,1,2,0
4/8/2018,Napoli,Chievo,2,1,3,1
4/8/2018,Torino,Inter,1,0,1,1
4/8/2018,Udinese,Lazio,1,2,3,0
4/8/2018,Verona,Cagliari,1,0,1,1
4/14/2018,Atalanta,Inter,0,0,0,0
4/14/2018,Cagliari,Udinese,2,1,3,1
4/14/2018,Chievo,Torino,0,0,0,0
4/14/2018,Genoa,Crotone,1,0,1,1
4/15/2018,Bologna,Verona,2,0,2,1
4/15/2018,Fiorentina,Spal,0,0,0,0
4/15/2018,Juventus,Sampdoria,3,0,3,1
4/15/2018,Lazio,Roma,0,0,0,0
4/15/2018,Milan,Napoli,0,0,0,0
4/15/2018,Sassuolo,Benevento,2,2,4,0
4/17/2018,Inter,Cagliari,4,0,4,1
4/18/2018,Benevento,Atalanta,0,3,3,0
4/18/2018,Crotone,Juventus,1,1,2,0
4/18/2018,Fiorentina,Lazio,3,4,7,0
4/18/2018,Napoli,Udinese,4,2,6,1
4/18/2018,Roma,Genoa,2,1,3,1
4/18/2018,Sampdoria,Bologna,1,0,1,1
4/18/2018,Spal,Chievo,0,0,0,0
4/18/2018,Torino,Milan,1,1,2,0
4/18/2018,Verona,Sassuolo,0,1,1,0
4/21/2018,Milan,Benevento,0,1,1,0
4/21/2018,Sassuolo,Fiorentina,1,0,1,1
4/21/2018,Spal,Roma,0,3,3,0
4/22/2018,Atalanta,Torino,2,1,3,1
4/22/2018,Cagliari,Bologna,0,0,0,0
4/22/2018,Chievo,Inter,1,2,3,0
4/22/2018,Juventus,Napoli,0,1,1,0
4/22/2018,Lazio,Sampdoria,4,0,4,1
4/22/2018,Udinese,Crotone,1,2,3,0
4/23/2018,Genoa,Verona,3,1,4,1
4/28/2018,Inter,Juventus,2,3,5,0
4/28/2018,Roma,Chievo,4,1,5,1
4/29/2018,Atalanta,Genoa,3,1,4,1
4/29/2018,Benevento,Udinese,3,3,6,0
4/29/2018,Bologna,Milan,1,2,3,0
4/29/2018,Crotone,Sassuolo,4,1,5,1
4/29/2018,Fiorentina,Napoli,3,0,3,1
4/29/2018,Sampdoria,Cagliari,4,1,5,1
4/29/2018,Torino,Lazio,0,1,1,0
4/29/2018,Verona,Spal,1,3,4,0
5/5/2018,Juventus,Bologna,3,1,4,1
5/5/2018,Milan,Verona,4,1,5,1
5/6/2018,Cagliari,Roma,0,1,1,0
5/6/2018,Chievo,Crotone,2,1,3,1
5/6/2018,Genoa,Fiorentina,2,3,5,0
5/6/2018,Lazio,Atalanta,1,1,2,0
5/6/2018,Napoli,Torino,2,2,4,0
5/6/2018,Sassuolo,Sampdoria,1,0,1,1
5/6/2018,Spal,Benevento,2,0,2,1
5/6/2018,Udinese,Inter,0,4,4,0
5/12/2018,Benevento,Genoa,1,0,1,1
5/12/2018,Inter,Sassuolo,1,2,3,0
5/13/2018,Atalanta,Milan,1,1,2,0
5/13/2018,Bologna,Chievo,1,2,3,0
5/13/2018,Crotone,Lazio,2,2,4,0
5/13/2018,Fiorentina,Cagliari,0,1,1,0
5/13/2018,Roma,Juventus,0,0,0,0
5/13/2018,Sampdoria,Napoli,0,2,2,0
5/13/2018,Torino,Spal,2,1,3,1
5/13/2018,Verona,Udinese,0,1,1,0
5/19/2018,Juventus,Verona,2,1,3,1
5/20/2018,Cagliari,Atalanta,1,0,1,1
5/20/2018,Chievo,Benevento,1,0,1,1
5/20/2018,Genoa,Torino,1,2,3,0
5/20/2018,Lazio,Inter,2,3,5,0
5/20/2018,Milan,Fiorentina,5,1,6,1
5/20/2018,Napoli,Crotone,2,1,3,1
5/20/2018,Sassuolo,Roma,0,1,1,0
5/20/2018,Spal,Sampdoria,3,1,4,1
5/20/2018,Udinese,Bologna,1,0,1,1
